<?xml version="1.0" encoding="UTF-8"?>
<project-private xmlns="http://www.netbeans.org/ns/project-private/1">
    <editor-bookmarks xmlns="http://www.netbeans.org/ns/editor-bookmarks/2" lastBookmarkId="0"/>
    <open-files xmlns="http://www.netbeans.org/ns/projectui-open-files/2">
        <group>
            <file>file:/D:/PropuestaPoo/bodega_myc_/src/bodega_myc_/Vista/ReportesVentas.java</file>
            <file>file:/D:/PropuestaPoo/bodega_myc_/src/bodega_myc_/Vista/ReportesClientes.java</file>
            <file>file:/D:/PropuestaPoo/bodega_myc_/src/bodega_myc_/Vista/ReportesCompras.java</file>
        </group>
    </open-files>
</project-private>
